,site_id,building_id,square_feet,year_built,floor_count
site_id,1.0,0.9772829159293237,0.08213574954394989,-0.18702097824248068,-0.46854249229461575
building_id,0.9772829159293237,1.0,0.07431177077903932,-0.23018532843730483,-0.48247661721609175
square_feet,0.08213574954394989,0.07431177077903932,1.0,0.10906344700306268,0.5302976428542242
year_built,-0.18702097824248068,-0.23018532843730483,0.10906344700306268,1.0,0.09939267440753857
floor_count,-0.46854249229461575,-0.48247661721609175,0.5302976428542242,0.09939267440753857,1.0
