,site_id,building_id,square_feet,year_built,floor_count
site_id,1.0,0.9942624753261671,0.14415414362283405,-0.3135165260365714,-0.6823610274274042
building_id,0.9942624753261671,1.0,0.143388407201177,-0.30429493341470104,-0.6578247574747408
square_feet,0.14415414362283405,0.143388407201177,1.0,0.07435336927684039,0.6556023596335719
year_built,-0.3135165260365714,-0.30429493341470104,0.07435336927684039,1.0,-0.04493581687011252
floor_count,-0.6823610274274042,-0.6578247574747408,0.6556023596335719,-0.04493581687011252,1.0
