,site_id,building_id,square_feet,year_built,floor_count
site_id,1.0,0.9521888353864274,0.09619169945949739,-0.21949196226055023,-0.5570833243364777
building_id,0.9521888353864274,1.0,0.09170895953040478,-0.19849889479698452,-0.48836849853906905
square_feet,0.09619169945949739,0.09170895953040478,1.0,0.05003043350334117,0.5030281061616898
year_built,-0.21949196226055023,-0.19849889479698452,0.05003043350334117,1.0,-0.027328842893280924
floor_count,-0.5570833243364777,-0.48836849853906905,0.5030281061616898,-0.027328842893280924,1.0
